id,x1,y1,x2,y2,score
0,706.513,108.207,751.953,206.807,0.635147
1,754.747,85.729,841.292,174.246,0.168056
2,687.316,121.086,766.417,196.93,0.227007
3,708.892,98.7299,804.015,156.773,0.667788
4,738.733,133.523,794.025,165.36,0.732573
5,748.029,125.029,834.134,156.211,0.194962
6,725.01,116.324,793.961,212.213,0.408971
7,711.772,152.869,769.101,236.785,0.46939
8,748.153,150.814,834.436,200.861,0.513283
9,764.167,113.813,844.57,176.29,0.778046
10,726.299,81.4402,757.372,121.175,0.611585
11,728.875,84.0411,807.773,116.29,0.700833
12,730.745,132.84,820.96,163.872,0.590825
13,702.115,77.3183,741.817,131.789,0.740465
14,759.461,72.3706,789.209,164.81,0.254064
15,749.946,143.649,782.032,215.482,0.715088
16,746.159,136.496,836.33,165.522,0.871442
17,760.117,87.0452,841.168,135.717,0.959973
18,744.631,121.939,799.692,154.652,0.30729
19,699.731,75.9449,789.888,150.426,0.311317
20,748.75,93.4673,821.743,129.305,0.291668
21,673.808,74.3521,761.87,147.19,0.328942
22,717.713,118.986,810.077,202.705,0.420664
23,734.561,120.122,791.549,169.449,0.578654
24,716.988,125.085,737.692,176.574,0.216767
25,733.669,125.647,825.663,155.77,0.726754
26,746.539,153.334,792.468,233.494,0.214654
27,731.273,94.4764,823.347,189.568,0.771704
28,694.131,139.958,764.774,183.391,0.107468
29,699.252,104.324,765.724,149.971,0.142332
30,746.224,113.765,844.085,184.75,0.57905
31,753.347,138.679,799.718,202.337,0.548769
32,750.657,153.008,837.417,193.005,0.672734
33,756.9,82.8675,805.618,159.593,0.524099
34,764.956,79.4817,845.642,149.22,0.554588
35,767.15,77.3783,803.864,161.687,0.386445
36,759.837,132.841,845.107,170.545,0.616674
37,716.163,129.554,772.811,169.522,0.180324
38,750.016,154.089,846.587,199.701,0.791374
39,724.033,116.027,774.841,148.627,0.350341
40,716.499,97.4636,797.418,190.273,0.450404
41,673.698,70.1028,741.364,100.361,0.390857
42,738.615,147.037,823.267,205.099,0.665022
43,669.617,149.622,721.786,187.979,0.119418
44,708.5,137.905,804.936,163.322,0.795545
45,667.838,97.8862,716.824,131.808,0.201797
46,757.999,151.848,855.675,241.011,0.210296
47,755.471,156.049,802.8,209.393,0.41246
48,696.072,132.492,744.284,182.308,0.15871
49,710.372,160.994,774.967,229.76,0.455121
50,732.422,84.654,806.924,112.396,0.672247
51,717.122,103.732,781.177,133.035,0.862223
52,728.814,117.642,793.182,153.041,0.629578
53,686.011,166.795,785.409,191.283,0.367682
54,693.937,107.68,717.415,191.163,0.830328
55,678.223,87.9956,737.619,185.826,0.713827
56,726.16,95.573,818.914,165.62,0.176243
57,694.647,103.556,740.844,194.395,0.205835
58,714.022,122.878,780.89,218.079,0.431239
59,767.462,159.753,824.615,223.434,0.311685
60,715.217,72.6826,739.019,93.0639,0.674115
61,755.377,137.242,800.631,219.706,0.88095
62,756.762,88.9377,831.156,125.268,0.356241
63,736.108,98.1565,798.901,137.607,0.42525
64,700.013,75.2086,777.475,122.786,0.960707
65,758.188,89.212,857.138,112.855,0.716357
66,703.929,124.75,773.884,207.156,0.913589
67,711.201,94.4426,783.583,174.607,0.754286
68,720.436,68.2092,808.21,119.315,0.237673
69,690.96,152.787,752.385,221.264,0.696511
70,737.373,106.974,771.566,194.823,0.409648
71,734.682,89.0277,792.678,140.308,0.828198
72,711.828,83.2058,804.216,129.485,0.431391
73,684.24,129.359,708.151,190.847,0.447077
74,671.504,109.258,694.689,170.281,0.229528
75,721.791,129.154,775.719,162.125,0.52295
76,732.331,77.6234,822.409,172.906,0.593475
77,744.144,123.648,784.206,170.061,0.65804
78,767.173,122.032,788.658,151.837,0.596393
79,694.539,141.571,715.142,223.536,0.244468
80,726.676,119.954,802.849,181.004,0.379006
81,725.89,105.102,747.775,172.554,0.691225
82,667.643,92.6885,729.335,120.601,0.521249
83,713.405,141.428,791.495,207.017,0.133844
84,732.218,164.788,830.849,213.074,0.286597
85,688.929,122.237,738.971,217.526,0.739044
86,672.67,81.8212,698.026,146.996,0.933566
87,728.038,73.3456,823.145,136.639,0.441918
88,719.463,83.0634,765.487,107.222,0.263501
89,700.587,122.027,750.282,187.26,0.78861
90,673.173,122.446,735.097,185.776,0.928989
91,726.163,73.1521,786.215,126.915,0.239055
92,682.697,128.113,724.318,154.011,0.214215
93,676.491,78.5583,719.67,132.882,0.455031
94,723.645,115.796,769.713,146.515,0.665783
95,745.122,138.082,788.026,219.797,0.5224
96,742.165,87.1674,841.761,166.053,0.267549
97,731.735,100.808,826.227,127.033,0.947231
98,719.507,166.037,800.965,249.915,0.983144
99,682.509,92.6428,737.335,188.289,0.264587
100,690.157,91.998,780.672,112.021,0.379942
101,764.792,84.944,807.997,184.874,0.359219
102,673.854,153.592,708.435,229.307,0.449822
103,691.323,137.37,749.903,202.936,0.594239
104,704.082,81.3667,775.812,145.548,0.392649
105,701.123,68.7086,783.876,149.267,0.679957
106,719.779,165.886,818.036,255.285,0.137543
107,708.592,117.858,768.787,144.242,0.382335
108,755.405,128.702,826.771,162.582,0.837472
109,758.26,134.509,789.015,157.383,0.655167
110,757.728,111.291,800.075,167.058,0.152692
111,723.384,157.372,771.014,241.233,0.279918
112,680.411,151.124,754.306,241.787,0.192793
113,712.863,148.274,802.88,187.66,0.500151
114,722.504,114.599,809.512,136.238,0.813142
115,764.026,153.924,831.195,205.514,0.964258
116,705.739,78.8839,740.348,133.309,0.20445
117,672.07,128.312,749.035,152.477,0.70438
118,718.413,100.392,794.803,185.832,0.822977
119,708.212,132.961,755.063,214.348,0.136658
120,752.925,70.3036,783.773,163.197,0.275379
121,746.839,141.61,771.002,182.506,0.375396
122,757.018,103.088,789.632,141.48,0.921557
123,720.573,78.9069,815.556,139.526,0.950367
124,694.795,78.7878,739.898,109.268,0.923318
125,765.387,103.23,832.405,152.285,0.418582
126,740.704,107.159,773.981,178.828,0.595605
127,695.497,160.924,758.762,194.883,0.12155
128,736.434,108.049,825.798,192.026,0.323218
129,758.467,118.965,803.452,201.901,0.434387
130,713.097,109.355,802.382,145.076,0.551313
131,745.086,116.282,809.683,181.248,0.413127
132,765.659,90.6417,838.614,176.358,0.648988
133,740.115,88.4275,831.278,171.306,0.717443
134,706.389,133.642,739.131,218.052,0.851735
135,707.389,153.779,774.666,199.049,0.227877
136,700.816,104.036,737.447,143.526,0.900545
137,671.04,67.7971,695.351,135.766,0.770564
138,742.998,131.942,763.22,195.499,0.619067
139,725.981,131.578,793.147,159.616,0.278063
140,731.31,116.968,825.778,174.61,0.323213
141,689.598,70.4229,769.647,140.96,0.274333
142,751.378,96.5612,790.547,124.822,0.92246
143,721.145,133.335,793.575,186.884,0.735854
144,689.422,72.5056,714.828,94.1154,0.788585
145,671.077,149.576,723.274,221.426,0.463824
146,746.32,135.41,794.319,210.005,0.807739
147,720.831,149.694,807.868,215.174,0.530175
148,749.099,128.739,847.814,210.273,0.925599
149,734.878,143.437,829.488,223.36,0.293061
150,714.24,155.678,787.283,181.141,0.932518
151,762.58,165.094,831.913,221.802,0.587867
152,718.485,156.489,776.081,255.127,0.942355
153,743.16,166.42,770.732,198.466,0.941464
154,765.075,81.4732,852.018,140.409,0.60758
155,722.613,157.989,792.97,224.341,0.372665
156,686.748,118.524,747.363,157.85,0.604422
157,672.996,158.799,728.641,230.099,0.83549
158,704.589,152.98,773.587,216.581,0.862578
159,688.435,132.068,747.038,180.437,0.873905
160,692.603,166.516,745.578,245.069,0.174734
161,679.893,101.828,728.915,137.764,0.144783
162,732.489,153.646,824.056,208.47,0.562446
163,713.093,98.3772,784.434,161.231,0.534575
164,702.855,98.5429,742.938,172.452,0.726145
165,685.698,106.228,733.557,201.2,0.433219
166,739.85,166.714,761.266,253.806,0.529918
167,764.754,70.9323,787.451,135.279,0.49132
168,699.991,131.171,748.712,166.2,0.894856
169,689.142,121.978,781.724,166.796,0.577364
170,699.976,94.0108,744.891,153.552,0.620627
171,725.45,82.3093,752.683,136.713,0.378679
172,718.877,98.8187,774.048,185.381,0.879679
173,684.861,144.656,783.289,169.013,0.553561
174,684.858,160.432,727.889,234.948,0.645886
175,677.998,81.9026,721.203,131.024,0.341326
176,698.782,81.6746,771.196,152.934,0.513171
177,738.89,105.145,805.75,193.912,0.910383
178,746.484,163.04,825.68,237.529,0.661818
179,746.037,117.638,826.287,158.065,0.282474
180,724.587,70.3455,817.257,161.834,0.225312
181,765.58,69.5977,865.241,102.39,0.760704
182,765.977,69.4766,810.485,112.912,0.504854
183,718.618,158.618,751.038,247.071,0.411474
184,704.904,163.81,735.959,210.45,0.229356
185,707.185,113.547,779.054,161.683,0.225487
186,735.976,144.374,778.042,186.424,0.644947
187,745.886,106.749,774.927,153.207,0.432766
188,751.423,88.0908,789.913,124.347,0.30159
189,739.897,97.8851,788.737,155.61,0.538479
190,708.931,69.6235,752.091,94.1243,0.549324
191,739.939,101.145,790.717,147.981,0.324517
192,744.337,156.731,817.188,183.022,0.42459
193,680.94,109.108,711.601,196.813,0.755645
194,747.351,130.999,790.576,172.276,0.386731
195,736.946,133.685,785.337,209.673,0.905947
196,732.964,97.5454,779.957,149.172,0.912436
197,673.771,77.5319,746.579,160.954,0.789208
198,712.157,159.023,740.934,225.979,0.843807
199,743.355,142.502,806.475,196.219,0.347054
200,343.521,566.699,368.133,658.601,0.232569
201,402.025,573.435,452.396,611.681,0.331101
202,371.826,611.924,451.277,691.083,0.986617
203,409.427,598.98,507.81,670.776,0.486898
204,416.124,590.179,461.463,636.021,0.408497
205,347.97,618.88,411.799,704.81,0.882576
206,368.593,625.957,393.479,694.913,0.175586
207,366.724,589.425,395.861,614.152,0.202728
208,382.709,602.202,424.785,624.9,0.812205
209,382.909,612.786,423.012,661.74,0.922966
210,394.753,574.965,430.135,595.354,0.10229
211,365.351,537.577,454.398,618.258,0.579636
212,401.041,626.939,467.181,703.933,0.827783
213,400.353,625.572,459.578,650.442,0.816318
214,333.383,583.308,360.716,616.584,0.185846
215,347.181,606.442,408.487,702.994,0.434552
216,334.476,606.355,393.815,704.646,0.921677
217,334.54,592.631,426.198,690.396,0.377671
218,363.472,542.135,458.288,591.116,0.708306
219,406.491,539.345,502.927,575.039,0.540574
220,400.787,582.718,497.787,618.173,0.641918
221,394.054,581.471,443.396,629.791,0.864033
222,403.838,555.085,460.65,629.168,0.202989
223,330.779,559.64,353.008,654.648,0.356554
224,345.766,576.541,441.654,611.23,0.949577
225,416.388,540.577,480.657,632.799,0.324336
226,353.327,578.42,381.911,602.649,0.660566
227,393.753,593.019,438.528,613.177,0.914348
228,368.45,553.751,436.578,622.979,0.141609
229,410.976,546.298,454.559,600.334,0.845903
230,415.281,592.873,510.516,679.755,0.318747
231,342.494,587.048,428.533,672.372,0.947102
232,397.093,619.588,478.36,674.096,0.786416
233,338.51,537.676,393.276,628.872,0.123414
234,416.976,571.286,456.187,604.658,0.752514
235,331.544,599.555,374.487,640.927,0.42262
236,394.438,626.829,482.02,698.808,0.12258
237,411.618,608.377,445.084,705.751,0.767954
238,385.989,574.151,469.023,662.345,0.351815
239,378.173,579.227,401.312,633.906,0.883891
240,336.799,539.958,406.334,619.969,0.506671
241,397.824,577.09,477.308,650.724,0.597684
242,412.329,557.28,482.462,631.105,0.345374
243,392.858,622.434,442.084,675.688,0.411137
244,331.287,578.823,388.051,650.109,0.84307
245,343.851,595.749,429.919,675.75,0.669611
246,356.561,611.618,387.7,656.759,0.229451
247,402.396,545.496,434.87,590.755,0.444734
248,404.092,590.336,500.139,677.803,0.571561
249,383.79,609.354,473.547,701.361,0.35584
250,340.392,579.032,427.355,616.262,0.390922
251,384.28,572.887,414.985,609.534,0.100656
252,349.966,608.389,402.948,669.341,0.735303
253,384.213,544.104,439.749,615.309,0.22353
254,329.004,539.289,400.164,560.961,0.314629
255,390.938,624.156,465.178,707.611,0.953036
256,398.279,560.338,431.688,596.181,0.234778
257,368.203,634.192,462.752,689.045,0.262307
258,348.206,535.288,384.902,558.437,0.929661
259,343.316,576.46,416.595,663.365,0.7029
260,362.897,623.603,413.456,662.425,0.919772
261,374.048,624.345,463.459,699.047,0.219952
262,371.598,627.223,432.265,717.681,0.836069
263,389.38,573.117,435.939,639.459,0.126846
264,372.529,537.486,464.457,605.181,0.120642
265,336.026,599.842,399.795,681.969,0.595968
266,329.784,574.463,425.249,617.658,0.199159
267,330.414,578.763,380.533,676.458,0.632403
268,337.967,564.393,406.844,646.729,0.847814
269,405.064,564.607,458.292,643.032,0.455811
270,372.417,598.634,436.486,646.342,0.215136
271,349.859,573.79,390.384,661.888,0.930427
272,403.077,543.455,497.073,583.703,0.449933
273,328.294,554.155,423.377,593.892,0.422488
274,415.671,601.531,498.172,697.145,0.392987
275,422.734,588.265,480.487,626.825,0.233727
276,374.272,592.76,471.486,671.974,0.983503
277,387.306,559.177,439.725,655.252,0.712903
278,326.23,587.869,419.968,679.515,0.586428
279,415.287,602.643,448.113,667.332,0.102953
280,381.262,584.763,443.527,644.25,0.197193
281,380.837,578.336,438.217,600.793,0.340538
282,418.828,582.632,481.523,655.222,0.29898
283,348.721,627.163,420.508,697.212,0.596557
284,412.445,616.84,459.692,699.661,0.449966
285,348.019,556.212,384.387,583.621,0.259696
286,389.855,560.01,437.568,647.48,0.104454
287,414.556,566.995,443.156,659.513,0.789552
288,350.057,617.807,390.516,688.209,0.353579
289,337.413,627.631,358.596,712.772,0.713204
290,325.915,537.394,351.647,636.652,0.368064
291,405.092,571.494,435.63,629.367,0.379068
292,346.57,586.965,398.117,622.569,0.375476
293,326.724,542.356,396.97,588.379,0.157832
294,418.601,574.06,445.702,647.889,0.677105
295,332.446,536.57,414.856,586.958,0.622831
296,338.988,544.28,368.661,641.502,0.409022
297,404.463,618.524,430.524,664.877,0.32299
298,376.171,632.718,423.212,663.249,0.629217
299,418.685,544.362,511.838,614.098,0.440484
300,332.337,552.902,405.321,646.364,0.844478
301,344.832,627.817,416.297,655.287,0.391956
302,370.566,584.457,410.986,622.831,0.253415
303,351.284,607.354,389.456,632.65,0.699367
304,409.739,584.223,485.078,678,0.488535
305,327.888,550.607,382.295,632.907,0.658262
306,328.87,621.592,358.055,702.987,0.492651
307,399.998,589.172,433.205,639.347,0.758109
308,421.846,622.736,462.93,654.527,0.564303
309,393.807,567.081,454.051,598.02,0.634946
310,398.05,548.201,419.898,634.455,0.961193
311,365.484,617.057,398.992,702.507,0.424546
312,382.391,616.397,481.551,646.495,0.53229
313,325.974,545.583,396.873,602.017,0.124495
314,325.058,583.065,405.637,645.105,0.408287
315,358.516,538.95,448.216,593.063,0.202209
316,383.043,596.267,451.536,681.235,0.6374
317,409.302,624.66,433.132,705.935,0.417219
318,382.785,537.409,426.054,578.86,0.94532
319,362.582,597.955,412.058,649.973,0.710348
320,343.756,576.668,383.705,637.588,0.654332
321,408.382,607.194,476.677,666.25,0.788892
322,423.061,613.602,501.959,680.138,0.765675
323,370.059,562.701,416.437,596.73,0.816121
324,363.858,560.538,424.128,602.889,0.137245
325,400.623,606.017,451.085,668.69,0.519393
326,395.69,625.272,487.926,673.632,0.281045
327,335.583,552.848,361.323,609.56,0.750142
328,392.787,582.298,464.047,661.431,0.628779
329,412.83,628.955,457.395,677.349,0.930945
330,408.222,627.534,448.451,670.932,0.382366
331,404.487,573.456,466.373,660.626,0.289233
332,380.99,551.318,407.521,586.633,0.338924
333,390.82,631.671,469.034,730.532,0.140466
334,371.906,626.002,430.072,685.942,0.727845
335,351.484,590,442.741,644.815,0.287085
336,380.637,579.781,451.665,652.627,0.137424
337,348.235,607.438,437.751,637.461,0.526037
338,374.645,616.088,408.047,638.813,0.167257
339,343.324,588.149,364.185,684.29,0.42923
340,400.119,628.349,494.605,654.256,0.36776
341,346.883,587.852,400.473,624.275,0.98478
342,417.866,571.009,500.781,664.815,0.373694
343,351.315,624.376,423.829,675.27,0.260242
344,340.433,554.024,394.366,619.891,0.104198
345,424.208,592.718,481.672,691.357,0.79354
346,341.941,599.476,381.593,698.694,0.532915
347,363.05,633.344,400.518,703.899,0.923577
348,377.122,537.359,419.291,593.885,0.897346
349,369.152,613.008,447.774,634.854,0.861965
350,345.518,628.75,417.293,665.342,0.939251
351,372.746,580.902,436.405,661.572,0.724717
352,389.791,574.482,463.173,603.212,0.875222
353,379.848,628.527,457.582,650.637,0.727944
354,337.519,544.445,385.901,626.398,0.838863
355,369.686,627.029,462.129,664.979,0.559162
356,374.691,589.95,442.305,612.933,0.669647
357,374.391,595.816,441.952,687.475,0.979897
358,350.591,581.575,443.179,666.664,0.64614
359,359.425,590.54,423.748,685.199,0.860889
360,422.404,547.539,446.99,642.079,0.159579
361,369.5,586.178,404.157,648.49,0.626441
362,373.429,545.803,415.33,589.246,0.648327
363,353.692,631.669,434.783,679.707,0.722455
364,402.79,628.158,454.848,686.325,0.153801
365,422.691,545.433,491.257,573.33,0.590999
366,414.311,604.408,478.03,683.431,0.933839
367,337.859,607.227,373.993,690.661,0.149926
368,385.878,543.355,444.192,618.677,0.726498
369,401.616,603.197,436.212,677.203,0.241271
370,362.19,603.603,440.063,631.889,0.254339
371,419.355,570.391,514.267,644.232,0.764928
372,399.713,610.667,477.501,667.392,0.587869
373,366.535,578.857,402.223,645.704,0.913512
374,325.159,620.521,382.193,676.787,0.339944
375,366.412,539.471,446.581,625.553,0.911033
376,340.005,558.425,421.113,617.623,0.266771
377,397.162,559.457,480.834,644.178,0.312136
378,409.727,576.832,483.568,634.466,0.817527
379,344.341,535.943,374.95,631.499,0.525675
380,371.018,547.533,437.854,622.257,0.52445
381,407.75,559.402,496.921,620.283,0.413655
382,341.119,581.055,431.727,660.589,0.173386
383,345.282,600.245,419.284,626.126,0.198281
384,364.277,581.414,447.386,680.047,0.630469
385,383.169,541.354,463.827,573.036,0.514618
386,389.13,554.704,484.857,593.129,0.984855
387,338.526,589.581,382.119,664.914,0.73723
388,345.902,607.385,412.078,697.228,0.50826
389,372.127,572.03,440.053,649.66,0.536956
390,402.155,631.315,459.788,677.691,0.830657
391,393.912,574.925,492.302,644.16,0.882014
392,399.042,627.202,445.795,697.375,0.577898
393,403.977,608.618,495.054,637.851,0.540366
394,346.588,591.018,381.359,627.782,0.139231
395,331.572,578.417,399.739,612.522,0.51237
396,394.26,612.108,476.852,641.763,0.828956
397,417.026,585.324,501.875,658.788,0.210259
398,396.805,629.051,459.763,701.212,0.782547
399,340.488,539.664,431.543,617.835,0.783941
400,283.266,558.55,375.45,591.346,0.361699
401,238.899,580.756,290.614,649.253,0.22164
402,235.056,562.068,298.623,615.893,0.583476
403,198.707,564.34,281.02,603.661,0.536512
404,288.417,579.204,316.498,643.633,0.909618
405,224.15,569.648,254.508,594.624,0.459935
406,226.563,623.419,298.209,694.766,0.15059
407,195.922,595.06,259.555,652.03,0.234339
408,277.609,628.19,359.932,649.347,0.14058
409,200.001,560.211,288.299,580.234,0.214521
410,283.386,558.08,367.176,593.139,0.205449
411,206.574,610.375,228.206,650.598,0.689307
412,212.846,550.317,310.007,580.432,0.355452
413,262.685,587.922,310.992,685.481,0.945236
414,245.565,597.926,272.844,634.617,0.851927
415,276.596,553.907,352.443,583.906,0.920792
416,248.923,606.476,339.227,695.151,0.140397
417,250.914,541.701,348.559,628.06,0.401795
418,284.03,536.861,379.991,586.7,0.440812
419,205.233,594.224,280.181,644.97,0.175867
420,270.643,609.662,296.452,644.626,0.856091
421,246.598,584.604,304.267,682.883,0.404438
422,256.36,591.079,339.415,646.424,0.445972
423,203.43,558.684,231.066,650.279,0.657666
424,202.836,548.802,282.071,605.832,0.646328
425,277.861,607.459,348.88,690.271,0.911737
426,289.359,554.557,349.688,588.162,0.955843
427,247.97,551.773,285.713,651.496,0.622914
428,231.892,561.42,271.271,584.594,0.291212
429,225.594,535.179,254.758,611.588,0.523607
430,246.263,570.269,297.488,603.88,0.495576
431,233.46,586.256,286.142,652.543,0.123608
432,225.405,568.312,303.576,661.056,0.117294
433,271.261,535.504,366.097,569.535,0.577467
434,272.868,581.509,297.354,640.082,0.95103
435,210.118,558.406,233.617,653.624,0.665358
436,192.917,566.542,275.806,649.526,0.126403
437,250.792,621.91,329.394,715.611,0.337717
438,254.349,615.72,354.03,685.54,0.551138
439,193.594,619.841,284.116,642.351,0.653339
440,226.576,547.579,275.904,646.051,0.61318
441,238.288,601.252,311.247,697.723,0.125557
442,228.815,554.456,272.761,649.935,0.386578
443,283.032,538.071,324.087,571.77,0.821652
444,266.605,543.777,343.814,640.726,0.726403
445,237.848,577.196,281.067,604.158,0.26235
446,255.551,621.668,321.071,670.399,0.585744
447,223.747,560.237,266.351,659.272,0.967624
448,243.996,608.181,295.493,651.185,0.618949
449,192.95,592.813,289.452,628.338,0.281788
450,258.943,544.162,318.386,611.755,0.948345
451,207.414,598.875,293.848,646.731,0.879735
452,199.747,566.908,240.644,638.607,0.485294
453,278.56,557.4,367.154,578.861,0.961148
454,228.644,594.712,322.973,675.734,0.358923
455,218.108,572.742,238.437,613.839,0.95951
456,219.152,619.272,277.875,643.324,0.271882
457,212.486,534.549,281.862,564.036,0.603642
458,220.649,615.69,263.254,681.437,0.679164
459,197.162,561.361,285.681,582.431,0.478635
460,206.541,627.675,262.684,714.688,0.873363
461,229.764,572.993,257.493,595.572,0.162283
462,249.332,621.118,322.221,653.05,0.184799
463,258.842,590.477,297.764,680.565,0.408963
464,259.93,608.715,349.589,632.074,0.332657
465,279.421,606.245,333.254,644.423,0.428101
466,285.578,628.184,315.68,648.32,0.60898
467,229.546,545.458,301.094,585.535,0.746692
468,191.777,608.784,276.687,670.981,0.274691
469,262.328,586.585,315.405,635.948,0.921561
470,221.164,559.616,307.875,616.895,0.341011
471,288.299,538.556,383.728,581.568,0.836594
472,290.313,529.292,320.592,612.68,0.14564
473,196.809,530.963,286.371,571.045,0.393016
474,191.866,549.796,222.215,578.791,0.493049
475,285.586,531.994,353.991,565.961,0.624808
476,247.307,599.848,301.905,620.947,0.713934
477,194.562,594.838,264.222,672.924,0.690407
478,278.301,547.262,350.705,569.098,0.305814
479,248.645,605.649,324.785,671.609,0.818605
480,259.112,577.383,343.215,611.336,0.754563
481,230.185,588.497,261.249,666.183,0.886323
482,217.111,538.375,314.895,610.421,0.501792
483,262.047,611.963,320.702,640.41,0.405992
484,192.717,596.981,237.469,654.126,0.347818
485,217.471,609.525,285.247,662.547,0.378897
486,229.721,570.839,264.328,669.301,0.621982
487,204.738,562.978,300.218,587.612,0.36875
488,288.623,591.289,382.96,672.973,0.428375
489,279.076,562.247,371.95,605.07,0.394818
490,231.62,613.419,321.489,686.683,0.552016
491,207.829,610.929,248.957,709.207,0.444998
492,201.788,625.957,234.591,665.651,0.14409
493,209.6,596.677,271.692,660.21,0.23475
494,218.911,541.71,301.948,569.092,0.937001
495,282.078,576.203,329.092,666.111,0.904188
496,281.192,610.049,322.629,648.619,0.330754
497,268.021,582.208,335.105,635.667,0.849806
498,206.702,569.476,297.545,599.28,0.795283
499,276.595,587.638,376.399,643.055,0.699018
500,277.031,567.557,303.837,622.685,0.987546
501,250.561,623.991,317.642,701.477,0.559279
502,271.411,537.142,370.727,617.851,0.449236
503,208.454,588.347,300.751,651.795,0.241768
504,198.229,549.444,234.582,593.45,0.370359
505,288.117,590.436,369.762,640.07,0.196519
506,208.945,605.323,241.006,641.204,0.520797
507,290.53,616.696,384.058,652.228,0.215606
508,265.983,612.798,348.344,646.877,0.5789
509,221.842,569.933,251.958,650.191,0.768213
510,237.378,564.4,322.638,661.531,0.502388
511,281.512,598.731,348.438,674.176,0.630596
512,219.329,565.105,264.225,597.806,0.307962
513,253.519,597.705,274.597,624.497,0.234254
514,204.808,567.052,249.493,637.536,0.735703
515,238.048,539.098,297.679,564.622,0.621565
516,205.459,593.399,283.155,616.191,0.346096
517,218.192,599.148,271.919,692.379,0.928297
518,221.427,597.336,277.1,653.853,0.874367
519,258.348,624.647,357.213,662.838,0.259066
520,253.968,585.7,284.662,648.652,0.487949
521,195.576,592.633,238.023,674.301,0.911003
522,278.538,562.25,315.536,654.079,0.506321
523,192.736,627.165,219.968,670.817,0.523416
524,268.95,542.553,355.277,621.468,0.445428
525,214.466,608.099,292.751,654.93,0.912371
526,247.319,535.569,292.452,581.436,0.8338
527,249.201,535.654,326.686,591.596,0.261589
528,261.835,594.119,298.475,649.221,0.237821
529,229.92,606.057,310.124,662.548,0.345304
530,209.639,531.041,244.848,596.646,0.131791
531,225.835,545.018,324.916,583.73,0.989461
532,192.608,569.08,250.333,646.281,0.266137
533,252.442,549.568,300.486,619.056,0.496874
534,239.02,623.996,293.331,661.212,0.722014
535,214.046,554.888,305.846,612.569,0.46616
536,283.735,577.611,378.933,643.527,0.790606
537,193.671,570.582,282.148,639.742,0.498353
538,237.377,560.752,328.838,602.984,0.183797
539,268.491,556.475,289.521,638.828,0.105829
540,270.301,552.422,303.845,634.296,0.236997
541,210.854,541.334,291.932,631.511,0.85152
542,244.796,559.89,306.622,602.486,0.546613
543,220.163,576.732,274.995,601.938,0.882571
544,225.584,556.183,320.565,616.323,0.599564
545,270.883,546.426,367.816,617.521,0.64415
546,237.547,544.209,267.664,612.847,0.316243
547,233.037,566.03,277.351,619.877,0.116116
548,263.679,543.448,313.092,614.786,0.448821
549,196.288,554.104,219.898,614.094,0.86209
550,223.221,571.497,302.408,598.302,0.689111
551,262.762,571.873,354.287,621.817,0.339618
552,241.966,532.691,313.542,605.703,0.344003
553,220.124,557.879,253.534,616.743,0.480478
554,194.277,556.312,240.085,576.887,0.275802
555,226.855,589.736,247.219,645.639,0.398037
556,274.677,596.763,332.458,631.365,0.854642
557,252.604,550.162,339.112,632.048,0.328884
558,275.731,593.054,320.695,638.589,0.670191
559,191.294,547.87,236,600.579,0.216752
560,231.209,574.676,269.212,645.491,0.143277
561,290.105,607.167,315.462,675.326,0.103264
562,229.139,602.194,255.77,682.667,0.322116
563,219.754,624.958,253.196,676.118,0.658501
564,278.957,535.41,327.025,632.939,0.86301
565,213.884,577.916,266.988,630.633,0.854067
566,236.477,556.638,334.734,589.771,0.3581
567,285.984,546.601,322.202,620.629,0.682047
568,210.717,603.759,257.984,633.628,0.302635
569,229.922,589.174,258.418,670.775,0.411106
570,209.67,574.71,260.454,628.284,0.646754
571,199.731,535.498,270.392,564.737,0.763995
572,286.354,563.614,367.155,586.926,0.384248
573,196.049,582.207,224.238,655.42,0.495441
574,208.53,626.578,288.696,707.846,0.470739
575,276.731,550.738,304.255,607.834,0.154045
576,202.454,627.589,296.67,715.559,0.252891
577,194.748,553.063,292.533,589.965,0.336644
578,217.569,571.387,243.37,656.809,0.199534
579,194.657,597.59,288.214,620.473,0.465192
580,259.16,591.94,300.961,635.641,0.879066
581,204.341,539.58,259.68,622.313,0.158796
582,238.9,562.673,316.322,648.894,0.332339
583,255.173,598.253,303.528,627.192,0.760187
584,233.327,600.791,314.803,695.613,0.666907
585,281.537,556.15,377.449,623.012,0.803997
586,220.628,582.886,297.224,657.113,0.781169
587,200.04,535.119,237.87,622.59,0.196434
588,235.104,537.387,314.947,578.8,0.214325
589,242.644,557.081,293.407,577.88,0.466771
590,268.056,585.656,315.992,639.908,0.289439
591,192.2,602.235,276.908,643.507,0.595908
592,210.958,597.453,248.795,638.938,0.898998
593,196.366,613.061,222.183,668.938,0.290757
594,206.205,598.43,292.051,624.738,0.239784
595,203.526,599.616,230.109,635.086,0.588621
596,244.27,533.977,306.377,582.984,0.960564
597,232.435,577.939,294.922,659.056,0.962883
598,258.353,594.261,329.819,628.874,0.148284
599,238.823,601.701,320.554,646.268,0.191956
600,632.139,527.458,721.144,608.432,0.2312
601,653.773,515.548,734.181,613.78,0.762012
602,642.411,544.962,709.823,569.457,0.812308
603,628.695,603.82,664.778,644.342,0.368283
604,638.66,589.631,735.155,636.049,0.557702
605,681.053,541.506,773.516,602.751,0.522909
606,612.674,540.227,679.401,633.693,0.447241
607,638.057,531.698,725.896,605.998,0.392417
608,689.914,524.562,723.385,547.627,0.726993
609,629.14,591.438,728.026,653.635,0.71854
610,651.655,596.581,695.821,655.704,0.286925
611,618.425,575,639.563,659.63,0.745768
612,610.849,528.455,639.268,557.684,0.336491
613,611.037,528.197,696.636,606.312,0.159076
614,606.647,557.24,700.14,633.6,0.163189
615,638.551,541.908,682.371,640.585,0.764286
616,695.266,568.103,785.82,613.658,0.802606
617,683.945,559.781,707.521,656.906,0.455228
618,698.929,608.502,777.414,690.164,0.245537
619,684.952,600.438,755.852,629.203,0.969701
620,657.39,571.759,746.87,600.4,0.478577
621,632.11,557.75,674.686,650.794,0.868995
622,621.7,547.423,700.157,591.229,0.77696
623,652.337,581.911,711.342,651.23,0.527105
624,637.883,600.649,683.214,691.119,0.728689
625,654.86,553.191,735.993,616.508,0.854604
626,676.626,518.224,721.817,591.763,0.294867
627,671.467,515.395,711.569,566.76,0.917858
628,618.272,597.838,684.1,696.464,0.687393
629,686.289,580.412,722.674,664.345,0.424906
630,683.236,590.842,737.576,612.693,0.274816
631,672.967,562.805,716.816,607.267,0.184777
632,703.52,525.572,735.914,572.688,0.126176
633,691.405,541.04,766.527,625.584,0.588877
634,610.915,583.673,632.089,610.853,0.392939
635,644.135,605.933,671.094,681.947,0.225882
636,625.059,526.809,715.812,554.316,0.550523
637,655.228,519.01,716.792,579.807,0.319802
638,622.92,529.6,664.39,612.412,0.809125
639,618.544,583.245,711.634,682.032,0.895499
640,673.552,556.542,744.353,630.699,0.802815
641,638.11,576.654,716.718,636.167,0.216096
642,701.194,598.948,722.544,626.607,0.966984
643,641.309,561.211,679.601,658.118,0.676432
644,663.369,549.913,736.865,601.245,0.72955
645,615.327,583.672,688.424,616.09,0.149626
646,624.364,528.269,697.251,569.271,0.149913
647,704.734,583.908,732.859,627.927,0.513487
648,666.757,518.251,732.596,555.015,0.616039
649,667.4,603.099,730.682,669.812,0.140356
650,615.307,567.062,694.45,622.624,0.209319
651,645.119,514.02,675.581,543.814,0.465628
652,638.553,558.056,676.169,617.757,0.339458
653,637.753,595.447,670.024,628.577,0.557797
654,621.885,598.909,657.198,680.663,0.264591
655,630.454,601.256,689.493,664.629,0.747945
656,652.166,539.522,700.657,625.294,0.502275
657,627.966,523.274,681.554,599.057,0.126551
658,665.125,563.705,714.973,589.5,0.12284
659,622.267,562.713,698.249,610.347,0.710901
660,642.997,604.21,714.587,674.122,0.408154
661,665.687,594.83,691.538,688.258,0.20584
662,645.898,552.192,694.671,573.374,0.351456
663,655.058,510.552,719.991,600.19,0.904994
664,702.054,587.74,791.514,676.901,0.632675
665,657.047,532.808,742.883,632.103,0.30105
666,623.592,535.802,688.426,627.216,0.85937
667,686.561,526.877,747.064,626.227,0.733241
668,619.225,586.635,661.034,617.347,0.480217
669,650.806,510.54,709.761,576.781,0.461442
670,627.907,568.476,716.929,636.273,0.295197
671,671.135,605.251,719.768,695.024,0.562711
672,664.708,522.407,761.117,556.423,0.203638
673,674.714,519.499,708.086,578.739,0.375189
674,688.063,581.033,778.817,640.012,0.929916
675,607.228,594.765,677.602,666.674,0.392378
676,679.723,550.427,704.551,619.963,0.758007
677,660.09,597.611,692.302,695.403,0.68128
678,621.328,579.927,689.212,632.011,0.634191
679,632.556,510.891,670.729,543.557,0.733672
680,638.372,520.054,720.563,573.771,0.517237
681,654.624,607.869,710.583,680.599,0.885958
682,635.15,542.749,673.437,579.479,0.537861
683,640.517,548.409,723.863,597.37,0.226251
684,672.255,533.623,717.964,586.445,0.395869
685,623.201,557.626,672.697,580.979,0.3416
686,607.516,528.021,680.918,550.661,0.782544
687,672.704,576.898,735.432,669.107,0.92108
688,656.911,594.495,735.408,631.546,0.174259
689,643.291,581.372,733.275,643.877,0.773158
690,607.043,592.712,637.691,662.262,0.985071
691,685.042,605.41,770.532,654.084,0.6052
692,675.069,555.029,762.864,646.775,0.88915
693,639.543,534.228,716.583,627.186,0.276126
694,642.873,561.043,690.702,633.135,0.187608
695,635.403,600.636,731.328,633.875,0.101217
696,607.271,511.042,692.929,600.354,0.438839
697,668.083,533.642,723.133,560.629,0.379732
698,618.456,582.71,672.986,674.743,0.389956
699,670.55,589.277,706.312,623.963,0.235014
700,644.877,593.39,744.03,651.163,0.623435
701,674.054,572.58,767.299,629.105,0.21509
702,613.006,568.129,704.116,636.521,0.450393
703,625.378,551.67,646.514,610.472,0.524581
704,645.067,593.543,733.051,692.584,0.514157
705,679.276,578.688,712.465,641.975,0.668305
706,702.794,513.874,772.815,543.789,0.69951
707,612.08,567.208,701.562,646.147,0.688941
708,610.746,538.406,687.857,634.31,0.144386
709,675.218,604.888,737.298,666.054,0.221898
710,621.586,576.24,683.011,601.417,0.689278
711,661.955,581.327,751.959,670.11,0.1968
712,680.983,530.359,725.272,610.59,0.581467
713,639.308,541.678,661.179,636.896,0.684375
714,634.893,533.259,685.301,630.805,0.25703
715,656.499,606.691,702.393,684.807,0.103496
716,611.241,606.856,673.491,635.367,0.418175
717,622.932,509.645,705.933,605.267,0.203911
718,636.132,586.042,721.71,642.677,0.838525
719,679.084,587.938,758.375,665.299,0.19274
720,625.04,605.618,673.033,691.007,0.161641
721,654.455,519.411,678.619,612.235,0.356279
722,617.819,574.554,681.577,618.814,0.695425
723,690.03,521.493,772.851,572.026,0.976543
724,668.66,529.081,755.957,559.635,0.123887
725,630.433,516.707,671.698,574.151,0.9458
726,664.838,591.709,734.434,650.939,0.292937
727,644.327,593.792,723.107,642.606,0.815321
728,683.691,535.119,752.696,601.005,0.626443
729,608.157,595.153,684.271,624.8,0.10878
730,615.931,565.293,668.13,607.092,0.964837
731,633.282,575.846,672.792,616.407,0.398205
732,638.536,546.438,671.724,568.189,0.253111
733,648.37,568.855,709.74,620.063,0.116103
734,644.305,537.313,716.8,620.897,0.472506
735,610.881,546.298,683.3,637.131,0.796293
736,610.818,595.729,694.621,670.282,0.698181
737,625.409,594.942,711.122,622.957,0.612159
738,613.722,561.855,677.737,633.917,0.656447
739,640.282,543.718,680.726,595.008,0.554018
740,651.221,553.325,697.273,584.579,0.750479
741,634.298,513.302,721.586,555.013,0.122577
742,611.315,551.203,705.573,598.02,0.629749
743,679.842,560.023,708.346,605.65,0.182182
744,641.101,584.945,729.176,673.378,0.137928
745,695.206,583.644,777.755,671.003,0.355803
746,667.997,594.104,699.346,673.92,0.779442
747,627.119,510.012,721.021,563.12,0.692229
748,627.222,519.872,698.516,598.077,0.472879
749,614.463,587.991,702.563,647.332,0.660799
750,649.032,562.446,714.822,603.508,0.700326
751,645.557,563.253,704.171,627.933,0.447219
752,686.202,598.315,736.993,620.491,0.884874
753,618.652,535.063,646.637,601.729,0.135892
754,616.382,568.934,715.125,621.661,0.900216
755,630.245,512.185,713.324,588.195,0.800851
756,705.173,562.65,787.621,640.164,0.259787
757,623.29,565.315,653.772,657.332,0.88886
758,614.665,553.411,638.792,633.487,0.540484
759,664.36,604.325,754.877,679.835,0.303613
760,658.698,586.856,692.981,654.959,0.379064
761,644.497,511.633,700.752,587.594,0.51355
762,624.393,572.361,665.42,639.271,0.799348
763,697.43,571.063,719.177,669.245,0.96502
764,629.459,553.128,697.769,643.338,0.938942
765,634.274,589.374,724.663,612.623,0.118307
766,616.081,546.861,702.459,613.046,0.708243
767,697.299,562.086,774.542,618.112,0.378361
768,655.243,512.643,750.404,602.594,0.538493
769,688.957,571.808,722.382,657.019,0.297154
770,691.751,585.054,731.705,620.894,0.155649
771,663.165,537.185,762.98,633.519,0.3951
772,647.538,575.201,707.996,651.438,0.809401
773,632.194,580.833,674.059,636.194,0.649881
774,614.778,568.811,710.129,598.327,0.652391
775,641.999,510.667,683.362,568.846,0.78744
776,698.776,540.619,738.42,564.042,0.263924
777,662.771,579.901,692.917,608.68,0.919574
778,698.298,525.552,725.212,546.638,0.408473
779,627.62,519.829,702.402,592.105,0.600569
780,629.439,542.148,695.696,562.447,0.934227
781,661.702,561.559,754.475,587.807,0.296117
782,683.779,522.46,768.699,580.162,0.641005
783,620.509,607.435,701.378,691.919,0.547964
784,658.255,514.519,736.653,600.946,0.29055
785,614.042,535.552,644.671,609.927,0.810109
786,624.118,515.945,688.306,606.166,0.983791
787,655.274,571.944,684.314,644.863,0.231688
788,658.79,562.234,681.738,605.021,0.293774
789,645.709,595.602,741.368,632.034,0.337913
790,629.222,525.114,650.961,604.142,0.419961
791,645.985,524.953,685.311,582.595,0.135598
792,690.132,534.177,747.497,585.356,0.273384
793,649.777,530.887,730.964,622.673,0.103237
794,661.516,552.887,690.07,650.697,0.721675
795,641.534,544.131,696.455,605.724,0.322025
796,684.37,532.045,777.204,563.67,0.371417
797,692.368,560.225,762.1,624.661,0.968862
798,681.041,579.115,752.215,620,0.4281
799,683.192,579.07,768.082,662.311,0.20945
800,137.843,826.542,219.656,893.395,0.532641
801,119.103,820.024,142.869,911.832,0.814221
802,80.4447,783.55,156.11,880.891,0.941725
803,124.918,789.031,206.462,847.425,0.928631
804,112.717,760.254,157.98,796.544,0.905091
805,122.088,814.711,165.876,896.761,0.681124
806,149.852,774.371,216.051,798.902,0.396079
807,147.777,799.323,175.281,877.154,0.170497
808,153.273,806.748,208.033,868.035,0.43478
809,86.9721,824.846,108.974,864.814,0.216753
810,122.456,834.307,209.35,870.189,0.895231
811,132.033,816.813,174.195,908.804,0.154168
812,55.9032,824.108,112.986,902.157,0.536985
813,76.2815,777.845,126.662,809.355,0.975664
814,141.803,814.276,219.834,905.852,0.381204
815,97.005,811.656,142.757,880.945,0.33978
816,118.248,846.382,199.351,893.834,0.207891
817,88.9182,791.861,110.706,890.119,0.739298
818,125.054,800.536,216.902,829.611,0.711858
819,151.499,777.041,211.549,865.147,0.579794
820,57.2936,795.115,99.1452,866.308,0.759732
821,89.7659,804.318,111.926,827.259,0.916182
822,121.607,760.311,142.278,793.355,0.41789
823,98.968,767.971,146.805,803.705,0.893566
824,62.8713,777.747,114.056,831.636,0.213161
825,59.413,792.149,96.668,816.628,0.914108
826,101.369,761.39,185.25,846.149,0.962383
827,105.207,790.327,175.857,867.869,0.70075
828,125.922,842.996,205.924,913.589,0.536301
829,61.6287,821.273,138.313,886.148,0.616842
830,149.916,805.768,190.794,831.6,0.809097
831,147.961,777.932,200.804,833.148,0.1033
832,126.271,762.842,176.358,790.47,0.739119
833,146.798,761.13,234.073,814.232,0.56196
834,142.306,782.758,202.439,845.015,0.567895
835,125.696,821.651,185.863,920.076,0.504015
836,104.183,839.837,127.527,923.941,0.181714
837,124.26,770.233,215.304,827.027,0.727838
838,98.3183,819.792,145.71,901.805,0.168226
839,90.3476,817.467,127.849,878.354,0.849319
840,97.516,754.792,136.723,779.343,0.529327
841,132.243,799.769,206.272,874.934,0.414189
842,139.04,770.951,190.882,847.888,0.39234
843,102.918,760.178,142.292,824.586,0.830373
844,146.42,759.921,215.199,811.258,0.673145
845,90.4891,809.526,142.877,836.258,0.50767
846,86.3806,823.646,181.054,899.823,0.315153
847,109.177,759.085,148.239,840.45,0.673386
848,95.2771,820.877,143.124,856.244,0.523027
849,147.391,815.346,183.961,855.294,0.756446
850,138.899,787.126,197.709,825.601,0.859691
851,91.5185,829.777,139.101,910.34,0.915798
852,129.154,772.564,218.049,835.177,0.556907
853,112.413,787.528,134.084,831.691,0.857794
854,146.181,836.6,222.815,889.378,0.686087
855,59.2436,778.942,95.8133,849.555,0.16804
856,101.404,759.361,137.353,791.831,0.256571
857,111.17,837.104,140.95,867.998,0.222528
858,119.284,808.522,212.875,902.146,0.876992
859,144.284,768.183,218.404,824.774,0.227997
860,133.637,803.689,193.576,883.018,0.200443
861,92.2834,809.593,154.041,906.25,0.416873
862,72.5603,842.893,108.567,912.561,0.923215
863,146.854,819.568,171.565,855.284,0.758367
864,111.811,822.061,138.229,843.451,0.205447
865,65.8721,823.179,132.047,895.102,0.746403
866,134.718,822.27,202.972,907.524,0.37828
867,127.887,781.41,217.228,829.255,0.856423
868,56.0502,849.181,148.839,941.001,0.546578
869,73.2951,769.14,108.583,831.972,0.798529
870,102.054,832.121,123.925,854.773,0.952794
871,80.6534,841.176,159.401,869.42,0.494271
872,64.8246,780.618,163.025,847.275,0.67414
873,73.7424,783.217,118.039,808.932,0.9172
874,111.269,827.576,157.908,907.436,0.216992
875,119.677,784.564,184.368,851.105,0.529703
876,57.3349,803.826,143.893,900.573,0.216095
877,77.2511,792.582,115.048,870.31,0.607611
878,148.715,790.984,194.913,856.714,0.889735
879,77.8427,840.72,113.187,878.194,0.144216
880,64.7799,808.753,140.432,834.15,0.301882
881,78.0506,819.976,143.488,872.668,0.444185
882,127.997,795.759,224.768,851.418,0.89974
883,131.974,760.939,176.17,849.978,0.250703
884,74.4437,805.867,156.867,880.588,0.897143
885,146.029,787.766,217.233,859.14,0.137604
886,143.521,797.369,207.86,897.166,0.177895
887,119.939,841.073,178.325,883.309,0.8649
888,88.413,841.172,144.226,888.705,0.834128
889,153.349,779.071,175.622,841.522,0.626984
890,57.0666,818.715,134.971,883.291,0.823075
891,135.31,811.624,219.807,893.981,0.733066
892,106.403,826.002,139.865,882.009,0.69146
893,121.419,765.355,163.95,848.812,0.613983
894,112.948,808.967,165.533,888.782,0.904723
895,58.4712,778.785,157.468,835.361,0.182887
896,145.642,772.614,242.728,802.819,0.147004
897,154.254,759.964,203.653,782.765,0.647457
898,148.87,792.306,169.503,875.04,0.397753
899,98.7835,769.934,145.853,797.181,0.281753
900,153.61,845.3,201.667,882.221,0.584084
901,132.401,788.481,197.652,869.42,0.704739
902,80.9112,772.691,122.194,853.143,0.833276
903,73.0417,754.507,105.64,793,0.630248
904,82.3735,770.413,103.389,836.039,0.193677
905,148.705,833.194,234.193,867.716,0.859684
906,138.816,840.425,185.336,916.608,0.627908
907,118.599,770.664,165.354,830.516,0.264416
908,102.077,790.398,156.296,865.008,0.460565
909,136.287,804.131,207.264,894.555,0.269148
910,65.2722,839.359,113.807,920.395,0.297395
911,131.402,797.117,166.614,863.627,0.786862
912,133.621,754.454,178.721,803.3,0.771772
913,146.979,802.09,202.021,834.334,0.920929
914,60.477,829.815,109.293,890.021,0.652848
915,101.947,763.208,189.789,836.708,0.528331
916,135.562,848.108,170.453,915.132,0.950025
917,118.623,811.9,213.369,904.535,0.624794
918,71.8283,847.878,123.117,886.611,0.888165
919,60.5198,793.271,93.8253,884.523,0.537179
920,70.1535,793.32,101.7,816.673,0.680357
921,127.71,845.816,154.997,884.692,0.827748
922,137.956,805.193,222.803,882.91,0.945717
923,107.309,814.753,193.572,890.077,0.295911
924,117.316,759.642,172.058,786.931,0.824023
925,132.137,763.523,194.441,794.843,0.71427
926,125.684,762.689,189.757,817.206,0.780708
927,59.0267,760.224,123.083,835.624,0.716319
928,82.3881,838.411,139.755,923.497,0.807394
929,85.1314,782.876,154.13,830.574,0.767706
930,97.8347,824.31,160.266,877.254,0.842223
931,130.849,767.325,216.051,866.912,0.438317
932,146.868,794.557,208.698,833.267,0.216573
933,89.7618,840.171,116.917,889.714,0.84015
934,152.331,844.05,251.514,889.311,0.442736
935,59.4401,803.551,158.004,832.184,0.377089
936,103.968,814.391,165.252,895.072,0.3957
937,79.2567,835.102,106.178,881.551,0.925358
938,79.4916,763.77,115.871,785.308,0.772712
939,92.2066,759.446,162.756,783.704,0.442378
940,124.271,789.942,187.246,848.297,0.215599
941,78.7949,779.072,155.392,811.963,0.81956
942,77.7225,796.427,168.868,827.956,0.730785
943,59.1287,795.625,127.799,829.922,0.633879
944,82.7038,772.472,111.08,810.496,0.252009
945,123.674,816.28,159.333,900.339,0.428131
946,67.312,797.54,126.201,861.754,0.221303
947,115.444,849.104,148.813,908.361,0.418858
948,87.1474,772.643,173.901,819.762,0.803549
949,76.0931,819.425,115.449,916.416,0.212292
950,142.466,756.282,204.778,824.898,0.86278
951,79.3835,767.725,171.922,793.367,0.815965
952,153.679,789.419,235.229,846.401,0.264798
953,64.6481,776.806,152.69,821.122,0.875571
954,124.354,794.379,211.059,850.51,0.126043
955,87.623,786.09,114.714,830.283,0.305499
956,65.786,840.957,160.738,932.748,0.775578
957,145.434,761.536,172.3,789.439,0.689037
958,133.873,788.146,200.038,819.099,0.905154
959,128.523,818.941,189.628,893.444,0.944011
960,115.522,786.598,144.365,809.24,0.458096
961,147.094,791.582,200.887,830.628,0.589296
962,108.827,845.126,138.89,884.054,0.697042
963,94.4615,836.86,170.084,858.013,0.391577
964,149.504,771.563,189.199,826.448,0.501023
965,95.3674,839.835,157.926,882.452,0.74624
966,110.437,758.745,132.859,809.617,0.638309
967,94.2958,779.451,174.994,834.238,0.952601
968,106.638,811.24,134.171,898.834,0.423697
969,152.232,779.718,223.684,830.902,0.327451
970,133.574,820.62,205.458,843.768,0.286077
971,136.133,779.297,229.78,818.268,0.333767
972,68.6657,772.929,107.183,851.444,0.474487
973,102.626,846.551,177.645,879.83,0.941974
974,89.2647,769.648,118.681,868.666,0.575528
975,70.4844,841.495,131.74,901.816,0.493289
976,131.083,833.613,196.091,889.066,0.975041
977,100.889,772.049,199.044,797.519,0.120564
978,92.0093,760.981,119.613,783.518,0.980256
979,136.763,846.66,214.719,866.687,0.122
980,66.1269,847.547,112.355,900.777,0.845822
981,128.681,798.934,167.038,873.749,0.284468
982,63.3562,759.671,126.579,835.569,0.17017
983,111.566,790.072,135.681,810.977,0.981935
984,127.471,757.584,162.239,780.623,0.896296
985,133.167,834.081,203.238,872.958,0.560749
986,116.979,852.707,198.085,948.051,0.519208
987,111.878,811.913,182.355,844.578,0.986556
988,154.836,808.856,254.274,893.538,0.645778
989,57.1396,770.249,108.958,826.24,0.354661
990,112.702,788.452,200.909,849.327,0.254655
991,90.1185,835.993,157.527,864.761,0.480973
992,111.173,813.021,175.963,865.635,0.550061
993,107.255,799.728,157.156,834.326,0.820372
994,145.009,837.221,210.44,899.553,0.580294
995,60.3462,809.344,118.608,871.132,0.911243
996,139.625,848.294,176.088,910.213,0.60723
997,73.1375,807.442,135.371,830.522,0.417573
998,103.303,778.625,184.853,840.295,0.893966
999,106.881,780.797,204.012,871.531,0.239801
